-- Tạo bảng USERS trước vì các bảng khác sẽ tham chiếu đến nó
CREATE TABLE USERS (
    USER_ID VARCHAR(50) NOT NULL,
    USERNAME VARCHAR(50) NOT NULL,
    EMAIL VARCHAR(100) NOT NULL,
    PASSWORD_HASH VARCHAR(255) NOT NULL,
    ROLE VARCHAR(20) NOT NULL,
    LAST_LOGIN DATETIME,
    FULL_NAME VARCHAR(50),
    DOB DATE,
    PHONE_NUMBER VARCHAR(20),
    GENDER VARCHAR(7),
    CONSTRAINT PK_USERS PRIMARY KEY (USER_ID)
) ENGINE=InnoDB DEFAULT CHARSET=utf8mb4;

-- Tạo bảng USER_SESSIONS, tham chiếu đến USERS
CREATE TABLE USER_SESSIONS (
    SESSION_ID VARCHAR(50) NOT NULL,
    USER_ID VARCHAR(50) NOT NULL,
    TOKEN VARCHAR(50) NOT NULL,
    CREATED_AT DATETIME DEFAULT CURRENT_TIMESTAMP,
    CONSTRAINT PK_USER_SESSIONS PRIMARY KEY (SESSION_ID),
    CONSTRAINT FK_USER_SESSIONS_USER_ID FOREIGN KEY (USER_ID) REFERENCES USERS(USER_ID)
) ENGINE=InnoDB DEFAULT CHARSET=utf8mb4;

-- Tạo bảng EVENTS, thêm cột USER_ID và DESCRIPTION
CREATE TABLE EVENTS (
    EVENT_ID VARCHAR(50) NOT NULL,
    TITLE VARCHAR(255) NOT NULL,
    USER_ID VARCHAR(50) NOT NULL,
    CITY VARCHAR(100) NOT NULL,
    POSTER VARCHAR(255),
    POSTER_SUB VARCHAR(255),
    VIDEO VARCHAR(255),
    DESCRIPTION TEXT, -- Thay CLOB bằng TEXT
    START_DATE_TIME DATETIME,
    END_DATE_TIME DATETIME,
    LOCATION VARCHAR(255),
    TICKET_SALE_START DATE,
    TICKET_SALE_END DATE,
    ORGANIZER_NAME VARCHAR(100),
    ORGANIZER_LOGO VARCHAR(255),
    CREATED_AT DATETIME DEFAULT CURRENT_TIMESTAMP,
    UPDATED_AT DATETIME DEFAULT CURRENT_TIMESTAMP,
    FORMAT VARCHAR(20),
    ORGANIZER_DESCRIPTION TEXT, -- Thay CLOB bằng TEXT
    CONSTRAINT PK_EVENTS PRIMARY KEY (EVENT_ID),
    CONSTRAINT FK_EVENTS_USER_ID FOREIGN KEY (USER_ID) REFERENCES USERS(USER_ID)
) ENGINE=InnoDB DEFAULT CHARSET=utf8mb4;

-- Tạo bảng TICKET_TYPES, tham chiếu đến EVENTS
CREATE TABLE TICKET_TYPES (
    TICKET_TYPE_ID VARCHAR(50) NOT NULL,
    EVENT_ID VARCHAR(50) NOT NULL,
    TYPE VARCHAR(50) NOT NULL,
    PRICE DECIMAL(15,2) NOT NULL,
    QUANTITY INT NOT NULL,
    CREATED_AT DATETIME DEFAULT CURRENT_TIMESTAMP,
    UPDATED_AT DATETIME DEFAULT CURRENT_TIMESTAMP,
    MAX_PER_ORDER INT,
    TICKET_SALE_START DATETIME,
    TICKET_SALE_END DATETIME,
    CONSTRAINT PK_TICKET_TYPES PRIMARY KEY (TICKET_TYPE_ID),
    CONSTRAINT FK_TICKET_TYPES_EVENT_ID FOREIGN KEY (EVENT_ID) REFERENCES EVENTS(EVENT_ID)
) ENGINE=InnoDB DEFAULT CHARSET=utf8mb4;

-- Tạo bảng TICKETS, tham chiếu đến TICKET_TYPES và USERS
CREATE TABLE TICKETS (
    TICKET_ID VARCHAR(50) NOT NULL,
    TICKET_TYPE_ID VARCHAR(50) NOT NULL,
    EVENT_ID VARCHAR(50) NOT NULL,
    USER_ID VARCHAR(50) NOT NULL,
    STATUS VARCHAR(20) NOT NULL,
    PURCHASE_DATE DATETIME,
    CREATED_AT DATETIME DEFAULT CURRENT_TIMESTAMP,
    UPDATED_AT DATETIME DEFAULT CURRENT_TIMESTAMP,
    CONSTRAINT PK_TICKETS PRIMARY KEY (TICKET_ID),
    CONSTRAINT FK_TICKETS_TICKET_TYPE_ID FOREIGN KEY (TICKET_TYPE_ID) REFERENCES TICKET_TYPES(TICKET_TYPE_ID),
    CONSTRAINT FK_TICKETS_EVENT_ID FOREIGN KEY (EVENT_ID) REFERENCES EVENTS(EVENT_ID),
    CONSTRAINT FK_TICKETS_USER_ID FOREIGN KEY (USER_ID) REFERENCES USERS(USER_ID)
) ENGINE=InnoDB DEFAULT CHARSET=utf8mb4;

-- Tạo bảng ORDERS, tham chiếu đến USERS và TICKET_TYPES
CREATE TABLE ORDERS (
    ORDER_ID VARCHAR(50) NOT NULL,
    USER_ID VARCHAR(50) NOT NULL,
    EVENT_ID VARCHAR(50) NOT NULL,
    TICKET_TYPE_ID VARCHAR(50) NOT NULL,
    QUANTITY INT NOT NULL,
    PRICE DECIMAL(10,2) NOT NULL,
    TOTAL_AMOUNT DECIMAL(15,2) NOT NULL,
    ORDER_DATE DATETIME NOT NULL,
    STATUS VARCHAR(20) NOT NULL,
    PAYMENT_METHOD VARCHAR(50),
    PAYMENT_STATUS VARCHAR(20),
    TRANSACTION_ID VARCHAR(100),
    DISCOUNT DECIMAL(15,2) DEFAULT 0,
    CREATED_AT DATETIME DEFAULT CURRENT_TIMESTAMP,
    UPDATED_AT DATETIME DEFAULT CURRENT_TIMESTAMP,
    CONSTRAINT PK_ORDERS PRIMARY KEY (ORDER_ID),
    CONSTRAINT FK_ORDERS_USER_ID FOREIGN KEY (USER_ID) REFERENCES USERS(USER_ID),
    CONSTRAINT FK_ORDERS_EVENT_ID FOREIGN KEY (EVENT_ID) REFERENCES EVENTS(EVENT_ID),
    CONSTRAINT FK_ORDERS_TICKET_TYPE_ID FOREIGN KEY (TICKET_TYPE_ID) REFERENCES TICKET_TYPES(TICKET_TYPE_ID)
) ENGINE=InnoDB DEFAULT CHARSET=utf8mb4;

INSERT INTO USERS (USER_ID, USERNAME, EMAIL, PASSWORD_HASH, ROLE, LAST_LOGIN, FULL_NAME, DOB, PHONE_NUMBER, GENDER, RESET_TOKEN, RESET_TOKEN_EXPIRY)
VALUES ('492820da-5512-4542-831f-21ef15408b1e', 'testuser5', 'test5@eventory.vn', '$2a$10$RuLeqH/tqNVxsX3T2GHkqOgWIavM5j5k49J3OEyWS4yRiimRMoHhi', 'user', STR_TO_DATE('28-MAY-25 01:07:06.940916', '%d-%b-%y %h:%i:%s.%f'), NULL, NULL, NULL, NULL, NULL, NULL);
INSERT INTO USERS (USER_ID, USERNAME, EMAIL, PASSWORD_HASH, ROLE, LAST_LOGIN, FULL_NAME, DOB, PHONE_NUMBER, GENDER, RESET_TOKEN, RESET_TOKEN_EXPIRY)
VALUES ('4de76c74-665c-4eb1-90bc-f307f9477dd8', 'dohaidang', 'dohaidang@gmail.com', '$2a$10$UFBp.V85JyosKWnMYmCzVeTlAVthisadTli8n94unHtt0hnWCdQ76', 'user', STR_TO_DATE('03-JUN-25 10:13:52.971403', '%d-%b-%y %h:%i:%s.%f'), NULL, NULL, NULL, NULL, NULL, NULL);

INSERT INTO EVENTS (EVENT_ID, TITLE, CITY, POSTER, POSTER_SUB, VIDEO, START_DATE_TIME, END_DATE_TIME, LOCATION, TICKET_SALE_START, TICKET_SALE_END, ORGANIZER_NAME, ORGANIZER_LOGO, CREATED_AT, UPDATED_AT, FORMAT, USER_ID)
VALUES ('8c4e1378-de2b-458f-af01-1cf47e528dae', 'SOOBIN Live Concert 2025', 'Hồ Chí Minh', 'https://res.cloudinary.com/dy5gl0qm1/image/upload/v1748962682/poster_soobin_1_jx5kf5.jpg', 'https://res.cloudinary.com/dy5gl0qm1/image/upload/v1748966696/poster_soobin_2_kic76f.jpg', NULL, STR_TO_DATE('01-JUL-25 07:00:00.000000', '%d-%b-%y %h:%i:%s.%f'), STR_TO_DATE('01-JUL-25 11:59:00.000000', '%d-%b-%y %h:%i:%s.%f'), 'Nhà hát Hòa Bình, Hồ Chí Minh', STR_TO_DATE('20-MAY-25 12:00:00.000000', '%d-%b-%y %h:%i:%s.%f'), STR_TO_DATE('30-JUN-25 11:59:00.000000', '%d-%b-%y %h:%i:%s.%f'), 'SpaceSpeakers Group', 'https://res.cloudinary.com/dy5gl0qm1/image/upload/v1748959263/webve/org-logo/zhvcar7nyqisrynqhrf8.png', STR_TO_DATE('03-JUN-25 09:01:04.561000', '%d-%b-%y %h:%i:%s.%f'), STR_TO_DATE('03-JUN-25 09:01:04.561000', '%d-%b-%y %h:%i:%s.%f'), 'Offline', '4de76c74-665c-4eb1-90bc-f307f9477dd8');
INSERT INTO EVENTS (EVENT_ID, TITLE, CITY, POSTER, POSTER_SUB, VIDEO, START_DATE_TIME, END_DATE_TIME, LOCATION, TICKET_SALE_START, TICKET_SALE_END, ORGANIZER_NAME, ORGANIZER_LOGO, CREATED_AT, UPDATED_AT, FORMAT, USER_ID)
VALUES ('4fea402f-9fa5-4bf1-8678-02bdfea228f0', 'BLACKPINK Encore Tour - Vietnam', 'Hồ Chí Minh', 'https://res.cloudinary.com/dy5gl0qm1/image/upload/v1748959737/webve/poster/hmsezify1gtjirialk7z.webp', 'https://res.cloudinary.com/dy5gl0qm1/image/upload/v1748959739/webve/poster-sub/rnbqko7zbzfpkeneueox.webp', 'https://res.cloudinary.com/dy5gl0qm1/video/upload/v1748959744/webve/video/niajqgvfj0xe4fjxzzqt.mp4', STR_TO_DATE('25-JUL-25 07:00:00.000000', '%d-%b-%y %h:%i:%s.%f'), STR_TO_DATE('25-JUL-25 11:59:00.000000', '%d-%b-%y %h:%i:%s.%f'), 'Sân vận động Thống Nhất, Hồ Chí Minh', STR_TO_DATE('10-JUN-25 12:00:00.000000', '%d-%b-%y %h:%i:%s.%f'), STR_TO_DATE('24-JUL-25 11:59:00.000000', '%d-%b-%y %h:%i:%s.%f'), 'YG Entertainment', 'https://res.cloudinary.com/dy5gl0qm1/image/upload/v1748959747/webve/org-logo/cgeov4pyiinpi95mcmnu.png', STR_TO_DATE('03-JUN-25 09:09:08.535000', '%d-%b-%y %h:%i:%s.%f'), STR_TO_DATE('03-JUN-25 09:09:08.535000', '%d-%b-%y %h:%i:%s.%f'), 'Offline', '4de76c74-665c-4eb1-90bc-f307f9477dd8');
INSERT INTO EVENTS (EVENT_ID, TITLE, CITY, POSTER, POSTER_SUB, VIDEO, START_DATE_TIME, END_DATE_TIME, LOCATION, TICKET_SALE_START, TICKET_SALE_END, ORGANIZER_NAME, ORGANIZER_LOGO, CREATED_AT, UPDATED_AT, FORMAT, USER_ID)
VALUES ('b4c63ef8-d0b1-4f94-bbaf-37843bd557ab', 'TWICE 5th World Tour - Vietnam', 'Hồ Chí Minh', 'https://res.cloudinary.com/dy5gl0qm1/image/upload/v1748964226/webve/poster/esmi5scl7ctaq1n16qqg.jpg', 'https://res.cloudinary.com/dy5gl0qm1/image/upload/v1748964236/webve/poster-sub/aievyqmaxgft3cmyibwp.jpg', NULL, STR_TO_DATE('10-AUG-25 12:00:00.000000', '%d-%b-%y %h:%i:%s.%f'), STR_TO_DATE('10-AUG-25 11:59:00.000000', '%d-%b-%y %h:%i:%s.%f'), 'SVĐ Quân khu 7, Phường 02, Quận Tân Bình, Hồ Chí Minh', STR_TO_DATE('20-JUN-25 12:00:00.000000', '%d-%b-%y %h:%i:%s.%f'), STR_TO_DATE('09-AUG-25 12:00:00.000000', '%d-%b-%y %h:%i:%s.%f'), 'JYP Entertainment', 'https://res.cloudinary.com/dy5gl0qm1/image/upload/v1748964238/webve/org-logo/qvddttwib5pk7ztt9gtx.png', STR_TO_DATE('03-JUN-25 10:24:01.103000', '%d-%b-%y %h:%i:%s.%f'), STR_TO_DATE('03-JUN-25 10:24:01.103000', '%d-%b-%y %h:%i:%s.%f'), 'Offline', '4de76c74-665c-4eb1-90bc-f307f9477dd8');
INSERT INTO EVENTS (EVENT_ID, TITLE, CITY, POSTER, POSTER_SUB, VIDEO, START_DATE_TIME, END_DATE_TIME, LOCATION, TICKET_SALE_START, TICKET_SALE_END, ORGANIZER_NAME, ORGANIZER_LOGO, CREATED_AT, UPDATED_AT, FORMAT, USER_ID)
VALUES ('23062922-9506-43e6-85b3-08805df847fb', 'BTS - Map Of The Soul Tour', 'Hà Nội', 'https://res.cloudinary.com/dy5gl0qm1/image/upload/v1748957987/webve/poster/rbeyr6mbjxsdcywqoyhs.jpg', 'https://res.cloudinary.com/dy5gl0qm1/image/upload/v1748957990/webve/poster-sub/h1wop1rmvkl637grypz0.webp', NULL, STR_TO_DATE('12-JUN-25 07:30:00.000000', '%d-%b-%y %h:%i:%s.%f'), STR_TO_DATE('12-JUN-25 11:59:00.000000', '%d-%b-%y %h:%i:%s.%f'), 'SVĐ Mỹ Đình, Hà Nội', STR_TO_DATE('01-MAY-25 12:00:00.000000', '%d-%b-%y %h:%i:%s.%f'), STR_TO_DATE('11-JUN-25 11:59:00.000000', '%d-%b-%y %h:%i:%s.%f'), 'Bit Hit Music', 'https://res.cloudinary.com/dy5gl0qm1/image/upload/v1748957992/webve/org-logo/slmtbdpeitgg53c78pwe.png', STR_TO_DATE('03-JUN-25 08:39:54.801000', '%d-%b-%y %h:%i:%s.%f'), STR_TO_DATE('03-JUN-25 08:39:54.801000', '%d-%b-%y %h:%i:%s.%f'), 'Offline', '4de76c74-665c-4eb1-90bc-f307f9477dd8');
INSERT INTO EVENTS (EVENT_ID, TITLE, CITY, POSTER, POSTER_SUB, VIDEO, START_DATE_TIME, END_DATE_TIME, LOCATION, TICKET_SALE_START, TICKET_SALE_END, ORGANIZER_NAME, ORGANIZER_LOGO, CREATED_AT, UPDATED_AT, FORMAT, USER_ID)
VALUES ('991423b4-2799-479a-a594-08c9d07df297', 'EXID - 2025 World Tour', 'Đà Nẵng', 'https://res.cloudinary.com/dy5gl0qm1/image/upload/v1748959010/webve/poster/p0d1bmx3mrgd9lrrah6g.jpg', 'https://res.cloudinary.com/dy5gl0qm1/image/upload/v1748959015/webve/poster-sub/s4zp8s2srvlt0sgmbfll.jpg', 'https://res.cloudinary.com/dy5gl0qm1/video/upload/v1748959019/webve/video/ybugdxk9tlachwm1qfn5.mp4', STR_TO_DATE('20-JUN-25 08:00:00.000000', '%d-%b-%y %h:%i:%s.%f'), STR_TO_DATE('20-JUN-25 11:59:00.000000', '%d-%b-%y %h:%i:%s.%f'), 'Sân vận động Chi Lăng, Đà Nẵng', STR_TO_DATE('10-MAY-25 12:00:00.000000', '%d-%b-%y %h:%i:%s.%f'), STR_TO_DATE('19-JUN-25 11:59:00.000000', '%d-%b-%y %h:%i:%s.%f'), 'EXID Entertainment', 'https://res.cloudinary.com/dy5gl0qm1/image/upload/v1748959022/webve/org-logo/qd3obhctotixgyz7x1ms.png', STR_TO_DATE('03-JUN-25 08:57:04.177000', '%d-%b-%y %h:%i:%s.%f'), STR_TO_DATE('03-JUN-25 08:57:04.177000', '%d-%b-%y %h:%i:%s.%f'), 'Offline', '4de76c74-665c-4eb1-90bc-f307f9477dd8');
INSERT INTO EVENTS (EVENT_ID, TITLE, CITY, POSTER, POSTER_SUB, VIDEO, START_DATE_TIME, END_DATE_TIME, LOCATION, TICKET_SALE_START, TICKET_SALE_END, ORGANIZER_NAME, ORGANIZER_LOGO, CREATED_AT, UPDATED_AT, FORMAT, USER_ID)
VALUES ('08553bda-7881-4248-a7c2-7fa223bceb9f', 'BABYMONSTER - Hello Monsters Tour', 'Hồ Chí Minh', 'https://res.cloudinary.com/dy5gl0qm1/image/upload/v1748948320/webve/poster/oeco2x9mg6jrctvzalvp.jpg', 'https://res.cloudinary.com/dy5gl0qm1/image/upload/v1748948323/webve/poster-sub/wry8mbwawrete8lit6tm.jpg', 'https://res.cloudinary.com/dy5gl0qm1/video/upload/v1748948329/webve/video/ijvlmoxmyf5qwdgbzyau.mp4', STR_TO_DATE('31-MAY-25 06:00:00.000000', '%d-%b-%y %h:%i:%s.%f'), STR_TO_DATE('31-MAY-25 11:59:00.000000', '%d-%b-%y %h:%i:%s.%f'), 'SECC, Phường Tân Phú, Quận 7, Hồ Chí Minh', STR_TO_DATE('15-APR-25 12:00:00.000000', '%d-%b-%y %h:%i:%s.%f'), STR_TO_DATE('30-MAY-25 11:59:00.000000', '%d-%b-%y %h:%i:%s.%f'), 'Live Nation Vietnam', 'https://res.cloudinary.com/dy5gl0qm1/image/upload/v1748948332/webve/org-logo/krmyvlkcyccrn0nbkrr5.png', STR_TO_DATE('03-JUN-25 05:58:54.163000', '%d-%b-%y %h:%i:%s.%f'), STR_TO_DATE('03-JUN-25 05:58:54.163000', '%d-%b-%y %h:%i:%s.%f'), 'Offline', '4de76c74-665c-4eb1-90bc-f307f9477dd8');

INSERT INTO TICKETTYPES (TICKET_TYPE_ID, EVENT_ID, TYPE, PRICE, QUANTITY, CREATED_AT, UPDATED_AT, MAX_PER_ORDER, TICKET_SALE_START, TICKET_SALE_END)
VALUES ('21f0e743-754a-4038-9a43-2bca006ea8fb', '991423b4-2799-479a-a594-08c9d07df297', 'STANDARD', 2500000, 750, STR_TO_DATE('03-JUN-25 08:57:04.192000', '%d-%b-%y %h:%i:%s.%f'), STR_TO_DATE('03-JUN-25 08:57:04.192000', '%d-%b-%y %h:%i:%s.%f'), 1, STR_TO_DATE('10-MAY-25 12:00:00.000000', '%d-%b-%y %h:%i:%s.%f'), STR_TO_DATE('19-JUN-25 11:59:00.000000', '%d-%b-%y %h:%i:%s.%f'));
INSERT INTO TICKETTYPES (TICKET_TYPE_ID, EVENT_ID, TYPE, PRICE, QUANTITY, CREATED_AT, UPDATED_AT, MAX_PER_ORDER, TICKET_SALE_START, TICKET_SALE_END)
VALUES ('391e52b3-20c0-467e-8682-e2c29ddbed46', '8c4e1378-de2b-458f-af01-1cf47e528dae', 'SOOBIN ZONE', 2800000, 400, STR_TO_DATE('03-JUN-25 09:01:04.567000', '%d-%b-%y %h:%i:%s.%f'), STR_TO_DATE('03-JUN-25 09:01:04.567000', '%d-%b-%y %h:%i:%s.%f'), 1, STR_TO_DATE('20-MAY-25 12:00:00.000000', '%d-%b-%y %h:%i:%s.%f'), STR_TO_DATE('30-JUN-25 11:59:00.000000', '%d-%b-%y %h:%i:%s.%f'));
INSERT INTO TICKETTYPES (TICKET_TYPE_ID, EVENT_ID, TYPE, PRICE, QUANTITY, CREATED_AT, UPDATED_AT, MAX_PER_ORDER, TICKET_SALE_START, TICKET_SALE_END)
VALUES ('da40d221-8efd-483f-864b-e6dacf439a5e', '8c4e1378-de2b-458f-af01-1cf47e528dae', 'STANDARD', 1800000, 600, STR_TO_DATE('03-JUN-25 09:01:04.573000', '%d-%b-%y %h:%i:%s.%f'), STR_TO_DATE('03-JUN-25 09:01:04.573000', '%d-%b-%y %h:%i:%s.%f'), 1, STR_TO_DATE('20-MAY-25 12:00:00.000000', '%d-%b-%y %h:%i:%s.%f'), STR_TO_DATE('30-JUN-25 11:59:00.000000', '%d-%b-%y %h:%i:%s.%f'));
INSERT INTO TICKETTYPES (TICKET_TYPE_ID, EVENT_ID, TYPE, PRICE, QUANTITY, CREATED_AT, UPDATED_AT, MAX_PER_ORDER, TICKET_SALE_START, TICKET_SALE_END)
VALUES ('16e70d23-1047-4978-b8d3-b5be967f1d71', '23062922-9506-43e6-85b3-08805df847fb', 'ARMY VIP', 6000000, 300, STR_TO_DATE('03-JUN-25 08:39:54.814000', '%d-%b-%y %h:%i:%s.%f'), STR_TO_DATE('03-JUN-25 08:39:54.814000', '%d-%b-%y %h:%i:%s.%f'), 2, STR_TO_DATE('01-MAY-25 12:00:00.000000', '%d-%b-%y %h:%i:%s.%f'), STR_TO_DATE('11-JUN-25 11:59:00.000000', '%d-%b-%y %h:%i:%s.%f'));
INSERT INTO TICKETTYPES (TICKET_TYPE_ID, EVENT_ID, TYPE, PRICE, QUANTITY, CREATED_AT, UPDATED_AT, MAX_PER_ORDER, TICKET_SALE_START, TICKET_SALE_END)
VALUES ('feeb00f2-b02d-4bd6-8636-50e785eca217', '4fea402f-9fa5-4bf1-8678-02bdfea228f0', 'VIP', 8500000, 500, STR_TO_DATE('03-JUN-25 09:09:08.545000', '%d-%b-%y %h:%i:%s.%f'), STR_TO_DATE('03-JUN-25 09:09:08.545000', '%d-%b-%y %h:%i:%s.%f'), 1, STR_TO_DATE('10-JUN-25 12:00:00.000000', '%d-%b-%y %h:%i:%s.%f'), STR_TO_DATE('24-JUL-25 11:59:00.000000', '%d-%b-%y %h:%i:%s.%f'));
INSERT INTO TICKETTYPES (TICKET_TYPE_ID, EVENT_ID, TYPE, PRICE, QUANTITY, CREATED_AT, UPDATED_AT, MAX_PER_ORDER, TICKET_SALE_START, TICKET_SALE_END)
VALUES ('d79eb0e8-4fc8-4913-9963-c4a58227cd3e', '4fea402f-9fa5-4bf1-8678-02bdfea228f0', 'STANDARD', 4000000, 1500, STR_TO_DATE('03-JUN-25 09:09:08.547000', '%d-%b-%y %h:%i:%s.%f'), STR_TO_DATE('03-JUN-25 09:09:08.547000', '%d-%b-%y %h:%i:%s.%f'), 1, STR_TO_DATE('10-JUN-25 12:00:00.000000', '%d-%b-%y %h:%i:%s.%f'), STR_TO_DATE('24-JUL-25 11:59:00.000000', '%d-%b-%y %h:%i:%s.%f'));
INSERT INTO TICKETTYPES (TICKET_TYPE_ID, EVENT_ID, TYPE, PRICE, QUANTITY, CREATED_AT, UPDATED_AT, MAX_PER_ORDER, TICKET_SALE_START, TICKET_SALE_END)
VALUES ('e2af4498-e8ce-41f5-b588-26c8a09aec7a', 'b4c63ef8-d0b1-4f94-bbaf-37843bd557ab', 'VIP', 7200000, 400, STR_TO_DATE('03-JUN-25 10:24:01.136000', '%d-%b-%y %h:%i:%s.%f'), STR_TO_DATE('03-JUN-25 10:24:01.136000', '%d-%b-%y %h:%i:%s.%f'), 1, STR_TO_DATE('20-JUN-25 12:00:00.000000', '%d-%b-%y %h:%i:%s.%f'), STR_TO_DATE('09-AUG-25 12:00:00.000000', '%d-%b-%y %h:%i:%s.%f'));
INSERT INTO TICKETTYPES (TICKET_TYPE_ID, EVENT_ID, TYPE, PRICE, QUANTITY, CREATED_AT, UPDATED_AT, MAX_PER_ORDER, TICKET_SALE_START, TICKET_SALE_END)
VALUES ('e8605619-22db-43c6-8814-23c646dc1f86', '23062922-9506-43e6-85b3-08805df847fb', 'GENERAL', 3500000, 1000, STR_TO_DATE('03-JUN-25 08:39:54.818000', '%d-%b-%y %h:%i:%s.%f'), STR_TO_DATE('03-JUN-25 08:39:54.818000', '%d-%b-%y %h:%i:%s.%f'), 2, STR_TO_DATE('01-MAY-25 12:00:00.000000', '%d-%b-%y %h:%i:%s.%f'), STR_TO_DATE('11-JUN-25 11:59:00.000000', '%d-%b-%y %h:%i:%s.%f'));
INSERT INTO TICKETTYPES (TICKET_TYPE_ID, EVENT_ID, TYPE, PRICE, QUANTITY, CREATED_AT, UPDATED_AT, MAX_PER_ORDER, TICKET_SALE_START, TICKET_SALE_END)
VALUES ('269ba637-1c29-4579-a96c-058fbc19dce7', '991423b4-2799-479a-a594-08c9d07df297', 'PREMIUM', 420000, 250, STR_TO_DATE('03-JUN-25 08:57:04.190000', '%d-%b-%y %h:%i:%s.%f'), STR_TO_DATE('03-JUN-25 08:57:04.190000', '%d-%b-%y %h:%i:%s.%f'), 1, STR_TO_DATE('10-MAY-25 12:00:00.000000', '%d-%b-%y %h:%i:%s.%f'), STR_TO_DATE('19-JUN-25 11:59:00.000000', '%d-%b-%y %h:%i:%s.%f'));
INSERT INTO TICKETTYPES (TICKET_TYPE_ID, EVENT_ID, TYPE, PRICE, QUANTITY, CREATED_AT, UPDATED_AT, MAX_PER_ORDER, TICKET_SALE_START, TICKET_SALE_END)
VALUES ('d0cc9bbd-de4d-4bd9-bbf4-349e0a715ab4', 'b4c63ef8-d0b1-4f94-bbaf-37843bd557ab', 'STANDARD', 3900000, 1400, STR_TO_DATE('03-JUN-25 10:24:01.139000', '%d-%b-%y %h:%i:%s.%f'), STR_TO_DATE('03-JUN-25 10:24:01.139000', '%d-%b-%y %h:%i:%s.%f'), 1, STR_TO_DATE('20-JUN-25 12:00:00.000000', '%d-%b-%y %h:%i:%s.%f'), STR_TO_DATE('09-AUG-25 12:00:00.000000', '%d-%b-%y %h:%i:%s.%f'));
INSERT INTO TICKETTYPES (TICKET_TYPE_ID, EVENT_ID, TYPE, PRICE, QUANTITY, CREATED_AT, UPDATED_AT, MAX_PER_ORDER, TICKET_SALE_START, TICKET_SALE_END)
VALUES ('d9f0a5ab-f34c-4d6d-af09-b0b756bfd2d6', '08553bda-7881-4248-a7c2-7fa223bceb9f', 'VIP PACKAGE - L', 5500000, 200, STR_TO_DATE('03-JUN-25 05:58:54.170000', '%d-%b-%y %h:%i:%s.%f'), STR_TO_DATE('03-JUN-25 05:58:54.170000', '%d-%b-%y %h:%i:%s.%f'), 1, STR_TO_DATE('15-APR-25 12:00:00.000000', '%d-%b-%y %h:%i:%s.%f'), STR_TO_DATE('30-MAY-25 11:59:00.000000', '%d-%b-%y %h:%i:%s.%f'));
INSERT INTO TICKETTYPES (TICKET_TYPE_ID, EVENT_ID, TYPE, PRICE, QUANTITY, CREATED_AT, UPDATED_AT, MAX_PER_ORDER, TICKET_SALE_START, TICKET_SALE_END)
VALUES ('15a2a341-42a3-4923-a94c-615bc93b547d', '08553bda-7881-4248-a7c2-7fa223bceb9f', 'CAT 1 - L', 4200000, 200, STR_TO_DATE('03-JUN-25 05:58:54.173000', '%d-%b-%y %h:%i:%s.%f'), STR_TO_DATE('03-JUN-25 05:58:54.173000', '%d-%b-%y %h:%i:%s.%f'), 1, STR_TO_DATE('15-APR-25 12:00:00.000000', '%d-%b-%y %h:%i:%s.%f'), STR_TO_DATE('30-MAY-25 11:59:00.000000', '%d-%b-%y %h:%i:%s.%f'));
INSERT INTO TICKETTYPES (TICKET_TYPE_ID, EVENT_ID, TYPE, PRICE, QUANTITY, CREATED_AT, UPDATED_AT, MAX_PER_ORDER, TICKET_SALE_START, TICKET_SALE_END)
VALUES ('208bcca6-e09b-46ea-ab95-6322277aab84', '08553bda-7881-4248-a7c2-7fa223bceb9f', 'CAT 2 - L', 3400000, 150, STR_TO_DATE('03-JUN-25 05:58:54.176000', '%d-%b-%y %h:%i:%s.%f'), STR_TO_DATE('03-JUN-25 05:58:54.176000', '%d-%b-%y %h:%i:%s.%f'), 1, STR_TO_DATE('15-APR-25 12:00:00.000000', '%d-%b-%y %h:%i:%s.%f'), STR_TO_DATE('30-MAY-25 11:59:00.000000', '%d-%b-%y %h:%i:%s.%f'));
INSERT INTO TICKETTYPES (TICKET_TYPE_ID, EVENT_ID, TYPE, PRICE, QUANTITY, CREATED_AT, UPDATED_AT, MAX_PER_ORDER, TICKET_SALE_START, TICKET_SALE_END)
VALUES ('3f011dac-2f16-49b5-84c6-cc5630aa8b85', '08553bda-7881-4248-a7c2-7fa223bceb9f', 'CAT 3 - L', 2800000, 200, STR_TO_DATE('03-JUN-25 05:58:54.178000', '%d-%b-%y %h:%i:%s.%f'), STR_TO_DATE('03-JUN-25 05:58:54.178000', '%d-%b-%y %h:%i:%s.%f'), 1, STR_TO_DATE('15-APR-25 12:00:00.000000', '%d-%b-%y %h:%i:%s.%f'), STR_TO_DATE('30-MAY-25 11:59:00.000000', '%d-%b-%y %h:%i:%s.%f'));